"","state","year","menthlth","heartattack","ACheartdis","stroke","asthma","age","sex","white","black","asian","race_other","educ1","educ2","educ3","income1","income2","income3","income4","income5","income6","income7","income8","married","unmarried","employed","out_of_work","homemaker","student","employ_other","HLTHPLN1","exercise","smoke","drink","bmi_cat1","bmi_cat2","bmi_cat3","bmi_cts","genhlth_ex","genhlth_vg","genhlth_go","genhlth_fa","genhlth_po","qlactlm"
"1",1,2012,12.7702828722412,0.0750723991980397,0.0827624929814711,0.0631590631590632,0.131907308377897,56.6822753687975,0.660868601816973,0.505376344086022,0.247311827956989,0.032258064516129,0.21505376344086,0.0326412790052182,0.427223270789386,0.540135450205396,0.0824265505984766,0.0916757344940152,0.106229597388466,0.116430903155604,0.123367791077258,0.141322089227421,0.141866158868335,0.196681175190424,0.502111580351189,0.497888419648811,0.371888888888889,0.0568888888888889,0.07,0.0227777777777778,0.478444444444444,0.878542060228914,0.700576880408254,0.184337484573095,0.337445739090701,0.308519246329904,0.348514622586984,0.342966131083112,28.6363079412785,0.128971339702288,0.258498111530771,0.321150855365474,0.191290824261275,0.100088869140191,0.335758254057079
"2",2,2012,10.516,0.0391203703703704,0.041105434277752,0.0337494220989367,0.132005558128763,49.3933395435491,0.540391254315305,0.55625,0.0375,0.025,0.38125,0.0210016155088853,0.33741057004385,0.641587814447265,0.0480279044808157,0.0531258384759861,0.0566138985779447,0.069224577408103,0.0971290582237725,0.134156157767642,0.178964314462034,0.362758250603703,0.533921933085502,0.466078066914498,0.604349838037945,0.0798241554835724,0.0576122165664044,0.027302174919019,0.230911614993059,0.838814265863826,0.799123616236162,0.197328333723928,0.549621928166352,0.330320058636697,0.381138529196189,0.288541412167115,27.8734424627413,0.192005545286506,0.331792975970425,0.316312384473198,0.111829944547135,0.0480591497227357,0.227845149253731
"3",4,2012,10.8452433143358,0.073905862923204,0.0670437301696786,0.0416552103381908,0.140071408953584,57.7280410085896,0.590884204763208,0.622641509433962,0.132075471698113,0.0943396226415094,0.150943396226415,0.0372508591065292,0.309965635738832,0.652783505154639,0.0678703852974367,0.0773819119780751,0.0975334515556989,0.105432855070127,0.120264388199258,0.151378365307109,0.152829276156698,0.227309366435596,0.517731475093142,0.482268524906858,0.404712691194709,0.0610445087501722,0.0839189747829682,0.0238390519498415,0.426484773322309,0.874570682786097,0.761427590940288,0.152801120448179,0.50485027414593,0.380952380952381,0.358077974392174,0.260969644655445,27.248764206589,0.178213746741666,0.316778707641652,0.301687474276307,0.137055837563452,0.0662642337769241,0.262505225024383
"4",5,2012,12.1037037037037,0.0818622696411251,0.08984375,0.0592449177153921,0.1267660150958,57.3217763926763,0.621361095045306,0.756410256410256,0.0897435897435897,0,0.153846153846154,0.0392498066511988,0.454949729311678,0.505800464037123,0.0833139939661174,0.103504293339522,0.112555117196565,0.106753307031794,0.122302158273381,0.15177535391042,0.145277326525876,0.174518449756324,0.505818463925524,0.494181536074476,0.409461031407522,0.0490500193873594,0.0752229546335789,0.0217138425746413,0.444552151996898,0.84601975595584,0.661770390413607,0.200236266981689,0.350731514432582,0.321262391260368,0.35201294760267,0.326724661136961,28.3394740036415,0.127927230501258,0.27907876911167,0.314302303077221,0.180181923746855,0.0985097735629959,0.305327066196631
"5",6,2012,10.2705341757611,0.0434065934065934,0.0510421682603013,0.0341299272078011,0.144368131868132,53.1806013179572,0.574859338548099,0.503370786516854,0.150561797752809,0.101123595505618,0.244943820224719,0.0662763955676354,0.245940483657398,0.687783120774967,0.0937594898269056,0.0787276040085029,0.0673398117218342,0.0680989978742788,0.093000303674461,0.121242028545399,0.145080473732159,0.332751290616459,0.492558908639934,0.507441091360066,0.482985116344071,0.0820347984068199,0.082314303682482,0.0367549437495633,0.315910837817064,0.843548165452796,0.806671055518982,0.11221893694561,0.568225039619651,0.403781327861644,0.356001758757145,0.240216913381211,26.9859724461381,0.225188743994509,0.314893617021277,0.276733013040494,0.132601235415237,0.0505833905284832,0.240810871018044
"6",8,2012,9.73756694720734,0.0441260744985673,0.0455704532368183,0.0277959450621321,0.121821600850298,54.448909016056,0.564096287229702,0.570212765957447,0.0638297872340425,0.0468085106382979,0.319148936170213,0.0222003768329647,0.281232079954125,0.696567543212911,0.0439899131409358,0.0505276921640049,0.0674325207807976,0.0879798262818717,0.103483702250864,0.1488745680396,0.169421873540674,0.328289903801252,0.570279146141215,0.429720853858785,0.541875153801985,0.0570912968583381,0.0664424575506521,0.0262488721187761,0.308342219670249,0.875696036685228,0.827028351989542,0.149009179034057,0.598949814926401,0.433479343811732,0.35832689169458,0.208193764493687,26.5516078330327,0.212858312858313,0.35986895986896,0.273791973791974,0.10990990990991,0.0435708435708436,0.238119614367375
"7",9,2012,10.4434389140271,0.0506633119853614,0.0547286466681933,0.0313071297989031,0.136571428571429,54.9853280961183,0.585696389932809,0.554054054054054,0.297297297297297,0.0135135135135135,0.135135135135135,0.0232159194876487,0.300434583714547,0.676349496797804,0.0458199356913183,0.0389871382636656,0.0633708467309753,0.0752947481243301,0.087620578778135,0.132904608788853,0.153804930332262,0.402197213290461,0.504421729642816,0.495578270357184,0.536540664375716,0.0698739977090493,0.054524627720504,0.0266895761741123,0.312371134020619,0.915838757565376,0.768264840182648,0.137414333836683,0.625863886611222,0.372954764196343,0.37235322425409,0.254692011549567,27.2771162175168,0.210604502342589,0.357901954062393,0.28042509427494,0.109816021026168,0.0412524282939093,0.215731636784268
"8",10,2012,10.8058191018343,0.0673114119922631,0.0645035943267923,0.04570100697134,0.129694154084398,54.7253562365801,0.612485504445303,0.569767441860465,0.267441860465116,0.0232558139534884,0.13953488372093,0.0145151925682214,0.352428875556416,0.633055931875363,0.0720053835800808,0.0625841184387618,0.0580978017048004,0.0610139075818753,0.109017496635262,0.145580978017048,0.17205024674742,0.319650067294751,0.526856699631569,0.473143300368431,0.515098722415796,0.0542005420054201,0.0338753387533875,0.0257452574525745,0.371080139372822,0.92015503875969,0.755027068832173,0.16614846482705,0.541041138623513,0.343446601941748,0.38207928802589,0.274474110032362,27.7149190938511,0.182856037151703,0.338235294117647,0.304953560371517,0.130417956656347,0.0435371517027864,0.20995545225644
"9",11,2012,10.1718213058419,0.0427709262660719,0.0503161222339305,0.0421907756813417,0.133858267716535,55.590093708166,0.599425137183172,0.22,0.62,0.06,0.1,0.0197005516154452,0.22668768058839,0.753611767796165,0.0680313064419025,0.0481637567730283,0.0580975316074654,0.067730282962071,0.0683323299217339,0.101444912703191,0.118904274533414,0.469295605057194,0.347435219460603,0.652564780539397,0.536521282186022,0.0680504466631634,0.0281135049921177,0.0275880189174987,0.339726747241198,0.946236559139785,0.804034582132565,0.136559139784946,0.615239124560929,0.431942919868277,0.335345773874863,0.232711306256861,26.8786004390779,0.238382777631924,0.336046206353374,0.276713048044106,0.10947755316356,0.039380414807036,0.206869009584665
"10",12,2012,12.2069392812887,0.0742698559534822,0.0786159353042556,0.0481895984200132,0.121168267333246,58.2581929149529,0.600865687303253,0.612403100775194,0.193798449612403,0.062015503875969,0.131782945736434,0.0301792303637322,0.347654190827623,0.622166578808645,0.0670183059261557,0.0766366739062985,0.0941669252249457,0.115420415761713,0.121625814458579,0.148309028855104,0.139621470679491,0.237201365187713,0.488169200264375,0.511830799735625,0.402821729957806,0.0650052742616034,0.0709388185654008,0.0253164556962025,0.435917721518987,0.857011070110701,0.751477735452515,0.150435365036839,0.515037086985839,0.374897006316946,0.362537764350453,0.262565229332601,27.451099972535,0.185552033808769,0.298468040147913,0.297543581616482,0.146196513470681,0.0722398309561543,0.267067468269873
"11",13,2012,11.4816870144284,0.062067830095489,0.0670520231213873,0.0478382377116554,0.124651010018065,55.0523438794103,0.626229508196721,0.555555555555556,0.277777777777778,0.0277777777777778,0.138888888888889,0.0325243519894337,0.390292223873205,0.577183424137362,0.0725110301170152,0.0734701707270286,0.101860732783426,0.107040092077499,0.122578169959716,0.129867638595818,0.144830232112028,0.24784193362747,0.512363996043521,0.487636003956479,0.46396694214876,0.0733884297520661,0.0621487603305785,0.0267768595041322,0.373719008264463,0.846217105263158,0.723854867837794,0.164574143196471,0.42837653478854,0.340596130381733,0.363778978560223,0.295624891058044,27.8503503573296,0.163245196255543,0.287239283954672,0.338479224831664,0.145672524224011,0.0653637707341107,0.249238578680203
"12",15,2012,10.1315547378105,0.0399416135881104,0.034134679240271,0.0328042328042328,0.151098174120138,51.8017527552782,0.536270113426537,0.274288781535158,0.0177133655394525,0.223295759527644,0.484702093397746,0.0100356529776839,0.306219463884854,0.683744883137462,0.0568264607314585,0.0460440040798485,0.070960221477488,0.0817426781290981,0.111758706105202,0.154742823837972,0.164359609500219,0.313565496138715,0.486432825943084,0.513567174056916,0.575749570730419,0.058248580108308,0.0369832254655924,0.0405494650640602,0.288469158631621,0.907336417713153,0.821108179419525,0.141027351567712,0.522712046094064,0.449328449328449,0.332790666123999,0.217880884547551,26.5167575634242,0.201822744683661,0.296526218465196,0.350548144234579,0.109760929863955,0.0413419627526086,0.186469962785752
"13",16,2012,10.5747542679772,0.0601260432634986,0.0565068493150685,0.0437595777285885,0.121951219512195,57.5784784098698,0.600746268656716,0.887096774193548,0.0161290322580645,0.0161290322580645,0.0806451612903226,0.0202380952380952,0.35,0.629761904761905,0.0586744639376218,0.0692007797270955,0.0851851851851852,0.110526315789474,0.137816764132554,0.170955165692008,0.165692007797271,0.201949317738791,0.604528430371127,0.395471569628873,0.444255319148936,0.0457872340425532,0.0942978723404255,0.0178723404255319,0.397787234042553,0.874680742380385,0.772287315333673,0.136865723161892,0.433442963475853,0.356041591968447,0.367694514162782,0.27626389386877,27.6467873789889,0.177282016348774,0.316927792915531,0.306539509536785,0.134196185286104,0.0650544959128065,0.295813315030885
"14",17,2012,8.86375455018201,0.0607367475292004,0.0635120546959338,0.0418087206172618,0.124349542436749,56.329674284686,0.601899982075641,0.604938271604938,0.148148148148148,0.037037037037037,0.209876543209877,0.0213338114019362,0.333094299031911,0.645571889566153,0.0455243949289282,0.0499423741836343,0.0768344218209758,0.0954667691125624,0.10391855551287,0.142143680368805,0.169996158278909,0.316173645793315,0.531440891124686,0.468559108875314,0.489678693232813,0.0490037695207324,0.0757494166217914,0.0306946688206785,0.354873451803985,0.903538710256871,0.752778773754034,0.143942133815552,0.553435114503817,0.352531181217902,0.360968451944241,0.286500366837858,27.8449596478357,0.170731707317073,0.332675753228121,0.315638450502152,0.136298421807747,0.0446556671449067,0.227297346091352
"15",18,2012,11.3355198425713,0.0683671092476124,0.0701016473887136,0.048990016252612,0.130515559684162,54.6518440709617,0.607056101792944,0.5859375,0.2109375,0.0390625,0.1640625,0.0245797101449275,0.437797101449275,0.537623188405797,0.0707317073170732,0.0676151761517615,0.0944444444444444,0.114905149051491,0.122222222222222,0.155420054200542,0.159078590785908,0.215582655826558,0.505520046484602,0.494479953515398,0.481644981412639,0.0526254646840149,0.0709804832713755,0.0341542750929368,0.360594795539033,0.86846993266775,0.714649976819657,0.206908706379979,0.452785646836638,0.332765957446809,0.351367781155015,0.315866261398176,28.1937714285714,0.147936581953835,0.307764047563535,0.319305199347167,0.155164373979949,0.0698297971555141,0.248795959121344
"16",19,2012,9.77200205867216,0.0646515533165407,0.0604102275920202,0.0387304250559284,0.107862339115837,56.2061681453316,0.58972927714206,0.82,0.1,0.04,0.04,0.0244652593317489,0.387110303369216,0.588424437299035,0.0398773006134969,0.0516628995802389,0.0690991281885696,0.100742654181466,0.125605424604456,0.169195996125283,0.168388763319341,0.275427833387149,0.586405045550105,0.413594954449895,0.533901859359709,0.0325737452817,0.0582972179505103,0.0230672445127918,0.352159932895289,0.925417075564279,0.749301675977654,0.150819672131148,0.53479381443299,0.331511301521643,0.358694046387945,0.309794652090412,28.0613724331511,0.168765743073048,0.364399664147775,0.315141337811363,0.112230618527848,0.0394626364399664,0.217886641982341
"17",20,2012,10.6789772727273,0.0598537663662642,0.066211020931226,0.0414648653241567,0.111318830727396,55.9265257415615,0.605372426065588,0.655629139072848,0.0993377483443709,0.0132450331125828,0.231788079470199,0.0177404295051354,0.31729055258467,0.664969017910194,0.0389899380804954,0.0505030959752322,0.0773993808049536,0.0991679566563467,0.122871517027864,0.162925696594427,0.17047213622291,0.277670278637771,0.575690607734807,0.424309392265193,0.517057026476578,0.0422606924643585,0.0557535641547861,0.0241004752206382,0.360828241683639,0.895116772823779,0.761638259984737,0.157400290374925,0.468991582202371,0.346235985050721,0.356380138814736,0.297383876134544,27.9077086670226,0.167388535031847,0.358895966029724,0.302420382165605,0.124331210191083,0.046963906581741,0.247952917093142
"18",21,2012,12.9827674897119,0.085096843615495,0.0796388261851016,0.0558734131950653,0.160886664283161,55.1540812657318,0.643767263654994,0.69620253164557,0.143459915611814,0.0253164556962025,0.135021097046413,0.0505955046118026,0.427151428315573,0.522253067072625,0.0811838454424006,0.0864248278696948,0.102353303874216,0.105333470352482,0.128352687288048,0.154352070701881,0.14643921488028,0.195560579590998,0.546212460779919,0.453787539220081,0.43933542882802,0.0517287831163,0.083969465648855,0.0211046250561293,0.403861697350696,0.869157207972115,0.666815462905098,0.234747400386491,0.318160791932649,0.311920529801325,0.355345316934721,0.332734153263955,28.4952280037843,0.117983553807651,0.286378262424026,0.313192706471219,0.18251698248123,0.0999284948158742,0.303244134897361
"19",22,2012,12.4588888888889,0.0775442477876106,0.0787278994773713,0.0603181617322139,0.115138121546961,56.8746808746809,0.674680194089105,0.61038961038961,0.181818181818182,0,0.207792207792208,0.0412245800176835,0.457670203359859,0.501105216622458,0.0931578947368421,0.0976315789473684,0.115657894736842,0.108815789473684,0.119342105263158,0.126052631578947,0.125789473684211,0.213552631578947,0.486396814863968,0.513603185136032,0.430166979984518,0.0464447639057835,0.0757491982749088,0.0204578126727856,0.427181245162004,0.834661354581673,0.65691900242772,0.189618761809492,0.376938637896156,0.293669131238447,0.353165434380776,0.353165434380776,28.888648336414,0.133871324342251,0.26365244306876,0.310523988503206,0.191908025646695,0.100044218439089,0.288982674366948
"20",23,2012,10.5244630071599,0.0604834631334075,0.062544420753376,0.0352810351799434,0.140356203197733,55.5780916573519,0.579074690051406,0.833333333333333,0.025,0.0333333333333333,0.108333333333333,0.0168618739903069,0.354604200323102,0.628533925686591,0.0557247602932882,0.0759165256627186,0.0844895657078398,0.101522842639594,0.117879300620417,0.163677382966723,0.169430344049633,0.231359278059786,0.53717585089141,0.46282414910859,0.521321746160065,0.0510307194826192,0.0526475343573161,0.0217259498787389,0.353274050121261,0.897705448296775,0.78344270570419,0.163302752293578,0.577473426001635,0.354499579478553,0.369953742640875,0.275546677880572,27.6849915895711,0.191461312240138,0.368928100598317,0.273197444478248,0.118243585843221,0.0481695568400771,0.255039706780696
"21",24,2012,10.4080753701211,0.0587866436745571,0.0615420891299222,0.0385547822006726,0.12184249628529,56.5151707201141,0.618170465188885,0.433333333333333,0.391666666666667,0.0416666666666667,0.133333333333333,0.0171926519076778,0.316768723504475,0.666038624587847,0.0334033038240394,0.0357762161175504,0.0566760974719357,0.0780323081135347,0.0944601624532262,0.1236652368349,0.160719174956649,0.417267500228165,0.554645024032779,0.445354975967221,0.541843636935662,0.0516753185464842,0.0526978134340098,0.0146295422369042,0.33915368884694,0.928828406069138,0.75566494764807,0.136801541425819,0.545528060811904,0.340085377082113,0.368125889344605,0.291788733573282,27.8198141792919,0.195495777291211,0.3429777916797,0.296684391617141,0.122927744760713,0.0419142946512355,0.214605305209332
"22",25,2012,11.2930271167681,0.0560825505529591,0.0552509293680297,0.0326589061345159,0.154332963784183,54.4647545195497,0.600975924135709,0.577235772357724,0.24390243902439,0.032520325203252,0.146341463414634,0.0397024639702464,0.297257089725709,0.663040446304045,0.0537473707516883,0.0616074393889073,0.0781025130078601,0.0882320380825861,0.0984722683493856,0.122882763201594,0.145854090556847,0.351101516661131,0.45963341262068,0.54036658737932,0.537686567164179,0.06875,0.0425373134328358,0.03125,0.319776119402985,0.956807251202368,0.768383200405698,0.154868968184895,0.596785939699956,0.388364147909968,0.360781752411576,0.250854099678457,27.1863534967846,0.207743066771261,0.32638087767062,0.28835771307277,0.130127820589728,0.0473905218956209,0.230754463428681
"23",26,2012,10.8150452488688,0.0690380569898642,0.0738287250384025,0.0473321858864028,0.143048256091734,56.00798691301,0.604152776454901,0.595652173913043,0.291304347826087,0.0173913043478261,0.0956521739130435,0.0125011928619143,0.350319686993034,0.637179120145052,0.0578047435190292,0.0584666298952013,0.0794263651406509,0.107335907335907,0.133480419194705,0.15819084390513,0.156646442360728,0.248648648648649,0.49866182374307,0.50133817625693,0.43518960741236,0.0577896647244245,0.0702072786321521,0.0286560320947559,0.408157417136307,0.903003634972259,0.757483317445186,0.177106456905704,0.536043465605899,0.325009948269001,0.357341822522881,0.317648229208118,28.3017379625945,0.152026704816404,0.337339055793991,0.323795898903195,0.131902718168813,0.0549356223175966,0.26390760346487
"24",27,2012,9.34507429829389,0.0490043431942965,0.0445739615826629,0.0301367619359594,0.110428945645056,53.6679045968474,0.574554956720562,0.581395348837209,0.197674418604651,0.0813953488372093,0.13953488372093,0.014137760973204,0.284563537728095,0.701298701298701,0.0371939736346516,0.0428436911487759,0.065819209039548,0.091713747645951,0.102448210922787,0.15075329566855,0.185216572504708,0.324011299435028,0.54209614908881,0.45790385091119,0.583299053887289,0.0472233648704237,0.0469765528589058,0.0243521184697655,0.298148909913616,0.915047150471505,0.81670211025683,0.161746151905122,0.624915426251691,0.370373610989588,0.370111120832969,0.259515268177443,27.3417210604602,0.204989775051125,0.367034764826176,0.292351738241309,0.100777096114519,0.0348466257668712,0.199212862167141
"25",28,2012,13.6178173719376,0.0733755328768893,0.0741029641185647,0.0642213642213642,0.115335051546392,57.0543126858916,0.648433487416538,0.596153846153846,0.230769230769231,0.0384615384615385,0.134615384615385,0.0507143776547818,0.446389496717724,0.502896125627494,0.111469368954399,0.101642868109934,0.122677721480117,0.12083525257178,0.12697681559957,0.12405957316137,0.12083525257178,0.171503147551052,0.483920761512735,0.516079238487265,0.415958815958816,0.0567567567567568,0.0656370656370656,0.0171171171171171,0.444530244530245,0.848672338231503,0.663667909009125,0.184675324675325,0.304798112218144,0.295732938484318,0.356171759321578,0.348095302194104,28.7079849239467,0.118995492594977,0.2539600772698,0.330070830650354,0.186220218931101,0.110753380553767,0.304561949196475
"26",29,2012,12.5328431372549,0.0740300282443883,0.0747495888772612,0.0570494725895112,0.138187221396731,56.7554591684116,0.610453064850459,0.676056338028169,0.147887323943662,0,0.176056338028169,0.0315883138069109,0.418211478570369,0.55020020762272,0.0692389006342495,0.0776955602536998,0.0995419309372798,0.114164904862579,0.134073291050035,0.148167723749119,0.143939393939394,0.213178294573643,0.501338488994646,0.498661511005354,0.4543429844098,0.0491462509279881,0.0596881959910913,0.0258351893095768,0.410987379361544,0.877711738484398,0.719893349133462,0.202972526647651,0.426523838261919,0.327179646292274,0.359757989450822,0.313062364256903,28.1820012410797,0.152131926905363,0.306046649829149,0.311097905214678,0.15644035061655,0.0742831674342594,0.291660428207816
"27",30,2012,11.1243542435424,0.0588235294117647,0.0533534813437173,0.0391771639893679,0.128048075811857,55.40771637122,0.563774628413412,0.688172043010753,0.0161290322580645,0.0376344086021505,0.258064516129032,0.0188286935427977,0.371375765276655,0.609795541180548,0.061029221618826,0.0734419446599431,0.0893457460563745,0.119084561675718,0.140418929402638,0.164985777088182,0.15115076286527,0.200543056633049,0.539574172645221,0.460425827354779,0.524662123137346,0.0488621924454199,0.0626082938662354,0.0231026914635555,0.340764699087444,0.851243493348756,0.761102780020764,0.177487155534797,0.563291139240506,0.375613258346296,0.366638745961469,0.257747995692234,27.3596410195046,0.188677065280185,0.334257654534951,0.291507798960139,0.130213749277874,0.0553437319468515,0.266977285963891
"28",31,2012,9.81208425720621,0.0602031200921369,0.0576153360016853,0.0371900826446281,0.101125359853442,56.3381049761418,0.589422625567204,0.572222222222222,0.15,0.0277777777777778,0.25,0.0221537175401014,0.395736454360207,0.582109828099692,0.042652371518471,0.0578603892320242,0.0787786971215476,0.110243561356485,0.137221769024589,0.16880316979373,0.1711339004778,0.233306141475353,0.57491890760699,0.42508109239301,0.559104930203377,0.0339833742876562,0.06645056726094,0.0225858733727192,0.317875254875307,0.897390303854401,0.750482953062183,0.159652357124045,0.547403525488328,0.331030731574653,0.374979602937177,0.29398966548817,27.8919477835192,0.16370478779009,0.342306084047669,0.320144260924106,0.128893999581852,0.0449508676562827,0.233094962666947
"29",32,2012,10.913148371532,0.0608695652173913,0.0561680882047015,0.0359875904860393,0.119950279676818,54.4829104634095,0.581716879900949,0.702970297029703,0.0544554455445545,0.0544554455445545,0.188118811881188,0.0310109572048791,0.336778995244987,0.632210047550134,0.0445238095238095,0.055952380952381,0.0842857142857143,0.107619047619048,0.11452380952381,0.151428571428571,0.171190476190476,0.27047619047619,0.504371357202331,0.495628642797669,0.471197679237464,0.0795690012432656,0.0619560712805636,0.0230004144218815,0.364276833816826,0.826150020721094,0.780649162704156,0.178107994976978,0.550869012293345,0.38654181184669,0.369991289198606,0.243466898954704,27.0917138501742,0.182119205298013,0.323054635761589,0.303187086092715,0.135968543046358,0.0556705298013245,0.242367210372229
"30",33,2012,10.4601121172919,0.061624649859944,0.0604682274247492,0.032898241875333,0.133297787256732,57.2229247948339,0.585258964143426,0.8,0.0909090909090909,0,0.109090909090909,0.0137077455416556,0.319803034335906,0.666489220122438,0.0357962368058743,0.0507878231604712,0.0725103258375402,0.0839834786599357,0.107847636530519,0.156646779868441,0.173321095303656,0.319106623833563,0.556326748531767,0.443673251468233,0.518582656187558,0.0479552417743439,0.0482216597842014,0.0175835886505928,0.367656853603304,0.905883919062833,0.776371870005328,0.135695997843956,0.610160282531921,0.36229462545252,0.363130047340574,0.274575327206906,27.5971720969089,0.203195739014647,0.364846870838882,0.274966711051931,0.109454061251664,0.0475366178428762,0.256555062525212
"31",34,2012,11.4140795802361,0.0521456768114096,0.0552606331947554,0.033127742099574,0.124848947401895,53.801287001287,0.596662648309117,0.549450549450549,0.296703296703297,0.021978021978022,0.131868131868132,0.0267983074753173,0.331324528785742,0.641877163738941,0.0445816186556927,0.0423715896966926,0.0695016003657979,0.0947264136564548,0.0943453741807651,0.122694711172077,0.153025453436976,0.378753238835543,0.51228928065886,0.48771071934114,0.548884746416404,0.0816995564697564,0.0479526901073472,0.0235263868355081,0.297936620170984,0.880147667239514,0.73442664632596,0.152241988140449,0.583869239013934,0.372521931339366,0.365890723216136,0.261587345444498,27.3637680458659,0.203158833269647,0.313081136160999,0.303209782193351,0.133868297032225,0.0466819513437779,0.193913331128019
"32",35,2012,11.9491289198606,0.0565778946165276,0.053395838097416,0.0343803540833809,0.13544997715852,53.8831109065808,0.590474020054695,0.553398058252427,0.0776699029126214,0.00970873786407767,0.359223300970874,0.0491765782250686,0.338746569075938,0.612076852698994,0.0756827048114434,0.0769830949284785,0.110403120936281,0.114694408322497,0.125097529258778,0.143823146944083,0.142002600780234,0.211313394018205,0.500687127805772,0.499312872194228,0.477818431282872,0.0635719185913561,0.0793505602561171,0.0392179281957466,0.340041161673908,0.835941962755627,0.769406132451841,0.169931610061435,0.454072585411987,0.372450805008945,0.362075134168157,0.265474060822898,27.3983375074538,0.181797419207491,0.276578737010392,0.317460317460317,0.159301130524152,0.0648623957976476,0.259930715935335
"33",36,2012,10.503981264637,0.0515840106153591,0.0577948034643571,0.030794701986755,0.132172470978441,53.0246437552389,0.594554455445545,0.526315789473684,0.289473684210526,0.0921052631578947,0.0921052631578947,0.0331510028178352,0.318415382065307,0.648433615116857,0.0603382013835511,0.0618754803996925,0.0880092236740968,0.0826287471176018,0.0997309761721752,0.136433512682552,0.153727901614143,0.317255956956188,0.4505,0.5495,0.525389976767342,0.0642217059409227,0.0580816461998009,0.0404912047792897,0.311815466312645,0.888925674557193,0.751695616211745,0.148523206751055,0.578356304236856,0.403684210526316,0.357368421052632,0.238947368421053,27.0095701754386,0.200866089273817,0.329780146568954,0.295136575616256,0.128914057295137,0.0453031312458361,0.219663865546219
"34",37,2012,12.4643264840183,0.0628320823142448,0.0602001017466508,0.0444781400050543,0.114726460423164,54.0459643160578,0.60993444276349,0.468571428571429,0.222857142857143,0.0228571428571429,0.285714285714286,0.0398954116059379,0.377783400809717,0.582321187584345,0.0692009783938035,0.0791887484712597,0.102629433346922,0.106706074194863,0.130248675091724,0.14655523848349,0.141561353444762,0.223909498573176,0.501097046413502,0.498902953586498,0.461765698852127,0.0715732613099257,0.0576468602295746,0.0286968264686023,0.38031735313977,0.83752107925801,0.726806291529986,0.183678690202098,0.41528007666173,0.335822910105282,0.361018626833438,0.30315846306128,28.0402357599208,0.168693009118541,0.300067544748396,0.308848362039851,0.152482269503546,0.0699088145896656,0.241809539976235
"35",38,2012,8.31723143475126,0.0605311920938851,0.0591275584039694,0.0328609570753748,0.0951109285127362,55.6056658395368,0.560360729657717,0.651162790697674,0.0232558139534884,0.0697674418604651,0.255813953488372,0.0301662220398112,0.329365893699979,0.640467884260209,0.0397366564777804,0.0425581942158476,0.0618387020926405,0.0815894662591112,0.118504584998824,0.16811662355984,0.176816364918881,0.310839407477075,0.576044453591274,0.423955546408726,0.588307945656649,0.0224372169617126,0.0611362700699876,0.0236722931247427,0.304446274186908,0.911540835219091,0.74964087830905,0.165663275897862,0.578288100208768,0.326054054054054,0.378594594594595,0.295351351351351,27.8047805405405,0.149432404540764,0.370691434468524,0.323013415892673,0.118885448916409,0.0379772961816305,0.195278525574653
"36",39,2012,12.0131067961165,0.0713404288138208,0.0746384097764715,0.0459478180558762,0.130474944192133,55.4583462372252,0.605327805926608,0.611940298507463,0.216417910447761,0.0447761194029851,0.126865671641791,0.0152754204598056,0.426014503934578,0.558710075605616,0.0548704200178731,0.062645218945487,0.0949061662198391,0.114477211796247,0.13065236818588,0.154066130473637,0.152993744414656,0.235388739946381,0.519619959833153,0.480380040166847,0.487586046871374,0.0505066130404517,0.0624951659061026,0.0232809962100704,0.376131177972001,0.893500693054058,0.71814404432133,0.195650454725188,0.494467881875348,0.328516925075087,0.35903888302622,0.312444191898693,28.2447771734719,0.168756249519268,0.310053072840551,0.309360818398585,0.148219367740943,0.0636104915006538,0.241460913465331
"37",40,2012,12.7437722419929,0.0768555667001003,0.0752457776657424,0.0557225144002004,0.142392392392392,54.9967451176765,0.597005614472863,0.723880597014925,0.0895522388059701,0.00932835820895522,0.177238805970149,0.0378418883476958,0.400649431747221,0.561508679905083,0.0825597749648383,0.0741209563994374,0.0953586497890295,0.117862165963432,0.127285513361463,0.149085794655415,0.139381153305204,0.214345991561181,0.536881653099562,0.463118346900438,0.485510866849863,0.0459655258556083,0.0829377966525106,0.0214838870846865,0.364101923557332,0.868200575215706,0.681931619665585,0.205837946653246,0.380255018305769,0.320119186423112,0.359372975774064,0.320507837802824,28.2680023319083,0.143804755944931,0.296495619524406,0.329662077596996,0.142553191489362,0.0874843554443054,0.311926605504587
"38",41,2012,11.0250817884406,0.0593589986724825,0.0639512752188808,0.0421172453044963,0.164331692540704,56.4813048454788,0.597510373443983,0.8,0.0230769230769231,0.0256410256410256,0.151282051282051,0.0143884892086331,0.293828095418402,0.691783415372965,0.0580730312362516,0.0629124505059393,0.0730312362516498,0.0987681478222613,0.113286405631324,0.163440387153542,0.164760228772547,0.265728112626485,0.537086344617725,0.462913655382275,0.446110056925996,0.0648956356736243,0.0671726755218216,0.0320683111954459,0.389753320683112,0.875496688741722,0.826530612244898,0.139458413926499,0.584744113640786,0.385087025316456,0.348101265822785,0.26681170886076,27.4152571202532,0.185395384033296,0.353575482406356,0.276579644343549,0.128452516080212,0.0559969731365872,0.302555168408827
"39",42,2012,10.9387498031806,0.0631102164066432,0.0643026721220387,0.0381234617509669,0.124949738640933,55.5936279234945,0.584778033871129,0.531707317073171,0.24390243902439,0.0634146341463415,0.160975609756098,0.0143595923080785,0.4376161068434,0.548024300848521,0.0563711098062243,0.0637698179682912,0.0907222548443923,0.101879036993541,0.122607163828538,0.150733998825602,0.159835584263065,0.254081033470346,0.502751552481446,0.497248447518554,0.482001711725318,0.0605145244927755,0.0664048733826713,0.0251724311534008,0.365906459245834,0.901971632632532,0.743772599437525,0.183986545028286,0.533374377918013,0.338432223574869,0.36389138834489,0.297676388080241,27.9311935637538,0.164966158197798,0.337963430649561,0.311496110718254,0.133296292554804,0.0522780078795838,0.231622322836649
"40",44,2012,11.3575268817204,0.0627522935779816,0.0583700440528634,0.0314499908575608,0.150384193194292,55.0922877751063,0.612773722627737,0.605263157894737,0.184210526315789,0.0263157894736842,0.184210526315789,0.0292986632484893,0.321369712506867,0.649331624244644,0.0495689655172414,0.0573275862068965,0.0713362068965517,0.0907327586206896,0.10323275862069,0.133620689655172,0.161206896551724,0.332974137931034,0.494491369812707,0.505508630187293,0.507703595011005,0.0755685986793837,0.0445707997065297,0.0227439471753485,0.349413059427733,0.895574250182882,0.750045745654163,0.153817573843582,0.611267078420363,0.36603700848111,0.370855821125675,0.263107170393215,27.3673515805705,0.188185808339429,0.350950987564009,0.280358449158742,0.12454279444038,0.0559619604974397,0.233450769516039
"41",45,2012,12.0552458185504,0.063975448536355,0.0677256203571993,0.0515512378564713,0.119629978049545,56.0011032308905,0.611176240719031,0.587209302325581,0.25,0,0.162790697674419,0.0357478833490122,0.401379742866102,0.562872373784886,0.078920710931025,0.0783681738649968,0.103508610369279,0.112072934892716,0.124228750345336,0.144396353255364,0.138502624551064,0.22000184179022,0.499921494740148,0.500078505259852,0.44177463682764,0.0694149980369062,0.0571652925009815,0.0227718884962701,0.408873184138202,0.850365250176734,0.725522423104015,0.173274830474671,0.430104942722102,0.323914823914824,0.356920556920557,0.319164619164619,28.3109598689599,0.158266603862459,0.291490029831999,0.321008007536505,0.151044119956037,0.0781912388130005,0.273283534647171
"42",46,2012,10.0533399800598,0.0642857142857143,0.0587028966931556,0.0366738825926398,0.106542769857434,53.9408684546616,0.572988068037573,0.543307086614173,0.047244094488189,0.0236220472440945,0.385826771653543,0.0250508646998983,0.359740590030519,0.615208545269583,0.0495034830294946,0.0535052615977471,0.0723284422706388,0.0970801837853861,0.129539054394546,0.175337186897881,0.185267526307989,0.237438861716318,0.548772733053542,0.451227266946458,0.591180582030754,0.0372347185156945,0.0519761087812937,0.0264328377176261,0.293175752954632,0.911173326546195,0.763144526289053,0.185651838518899,0.539397075947729,0.330552939593704,0.373066056773846,0.29638100363245,27.9471787972555,0.168277791910455,0.360849656575935,0.319765962859323,0.106715848384635,0.0443907402696515,0.233120204603581
"43",47,2012,14.2173913043478,0.0880932082978119,0.0948029697315819,0.055863539445629,0.104604889141558,56.1150379167263,0.642148526077097,0.376811594202899,0.391304347826087,0.0579710144927536,0.173913043478261,0.0484261501210654,0.416749750747757,0.534824099131178,0.0747645951035781,0.0922787193973635,0.116949152542373,0.129001883239171,0.129755178907721,0.143502824858757,0.131450094161959,0.182297551789077,0.487891737891738,0.512108262108262,0.422142857142857,0.0554285714285714,0.0542857142857143,0.0192857142857143,0.448857142857143,0.867120954003407,0.674801362088536,0.218436578171091,0.32177033492823,0.336458490851353,0.347346136398004,0.316195372750643,28.1194813246635,0.12833996588971,0.279420125071063,0.32802728823195,0.155770324047754,0.108442296759522,0.292515013915336
"44",48,2012,10.7027690150719,0.0523882896764253,0.0585894317930577,0.0373872883219705,0.112465678198792,53.2787229341582,0.592616935042173,0.711864406779661,0.169491525423729,0.0508474576271186,0.0677966101694915,0.0689162453286437,0.333260057155419,0.597823697515938,0.0745325922182921,0.0747852450732693,0.0925972713491662,0.0984082870136433,0.106872157655382,0.134537645275392,0.139211723092471,0.279055078322385,0.539139050974348,0.460860949025652,0.486108048511577,0.0579933847850055,0.106945975744212,0.0338478500551268,0.315104740904079,0.79009900990099,0.729836497311533,0.148164677005467,0.474393530997305,0.348182883939039,0.354630715123095,0.297186400937866,27.9259073856975,0.169042094796155,0.286045740802121,0.33134460280632,0.144735388354878,0.0688321732405259,0.227434415295687
"45",49,2012,9.1558837318331,0.0433061323422477,0.0411125527084009,0.0311945832661615,0.124959664407874,51.9142532651902,0.576391122547443,0.688073394495413,0.0275229357798165,0.0642201834862385,0.220183486238532,0.0115397030342156,0.297530664945126,0.690929632020658,0.0367775831873905,0.0414784772790119,0.0573324730389898,0.0806525947091898,0.104894460318923,0.158539957599779,0.195317540787169,0.325006913079546,0.664671627305079,0.335328372694921,0.544793602068018,0.0428952257856047,0.124888924791986,0.028192907343081,0.259229340011309,0.882504841833441,0.814641618963154,0.0860444153077112,0.270516717325228,0.396901480784045,0.348711803475135,0.25438671574082,27.1938603098519,0.218086394832459,0.335405732741219,0.298990714574082,0.104884941461445,0.0426322163907953,0.234281498483482
"46",50,2012,10.4829862874556,0.0555095277547639,0.0572284145732823,0.0328979996693668,0.133189940436797,56.1282435129741,0.581902245706737,0.838709677419355,0.0161290322580645,0,0.145161290322581,0.0193740685543964,0.34889882430866,0.631727107136943,0.0441736481340442,0.0613099771515613,0.0734958111195735,0.0953922315308454,0.113670982482864,0.163366336633663,0.175552170601676,0.273038842345773,0.532989862057504,0.467010137942496,0.564157824933687,0.042606100795756,0.047579575596817,0.0200596816976127,0.325596816976127,0.92850049652433,0.803406084656085,0.133960047003525,0.628388617612393,0.397686064582974,0.35986876187187,0.242445173545156,27.0345121740632,0.21652044363516,0.366330077801688,0.276609832809138,0.0983280913756001,0.0422115543784142,0.237943737441393
"47",51,2012,11.1630922693267,0.0568829758349172,0.056917211328976,0.0414859002169197,0.122811779074501,54.4601369863014,0.588537442552041,0.62962962962963,0.197530864197531,0.0493827160493827,0.123456790123457,0.0295278269152266,0.299768676010342,0.670703497074432,0.043096568236233,0.0454908220271349,0.0619313647246608,0.0828411811652035,0.0989624900239425,0.141580207501995,0.162649640861931,0.363447725458899,0.555206769482735,0.444793230517265,0.537423312883436,0.0432174505794138,0.0613496932515337,0.0209952283571915,0.337014314928425,0.901165943600868,0.765565782349756,0.153061224489796,0.522020543126495,0.359959700633276,0.3688831318365,0.271157167530225,27.5583088658607,0.204231082180635,0.323026851098454,0.292921074043938,0.125711960943857,0.0541090317331164,0.21335005574136
"48",53,2012,9.90436273575919,0.049767228378467,0.0555738460525449,0.0360301342941369,0.147211116208953,55.5153815685239,0.57281806906456,0.727611940298508,0.0597014925373134,0.0783582089552239,0.134328358208955,0.0205457043774128,0.265262055879081,0.714192239743506,0.0462406015037594,0.0465413533834586,0.0586466165413534,0.0761654135338346,0.111729323308271,0.152932330827068,0.182631578947368,0.325112781954887,0.553025331408321,0.446974668591679,0.481976667977454,0.0620002621575567,0.0717000917551448,0.0260846768908114,0.358238301219033,0.884376023583361,0.803658934988566,0.134449350820536,0.59404367968233,0.365268225584594,0.364718019257221,0.270013755158184,27.5727874828061,0.180468341182627,0.346938775510204,0.302917320774464,0.122121925693354,0.0475536368393511,0.285299167877427
"49",54,2012,13.752534287418,0.0862388724035608,0.0990469071201645,0.0518422514349195,0.12370178041543,55.1771046273927,0.580144204104271,0.791208791208791,0.0879120879120879,0.021978021978022,0.0989010989010989,0.0434863064396743,0.500185048112509,0.456328645447816,0.0656697009102731,0.08864325964456,0.105548331166016,0.126788036410923,0.138058084091894,0.148461205028175,0.143042912873862,0.183788469874296,0.52787553250602,0.47212446749398,0.432457438934123,0.0451517394522576,0.0817912657290896,0.0162842339008142,0.424315321983716,0.862381922578255,0.676220414201183,0.238775510204082,0.291323859386687,0.314731707317073,0.355512195121951,0.329756097560976,28.4320897560976,0.119444444444444,0.283333333333333,0.319814814814815,0.171481481481481,0.105925925925926,0.313681868743048
"50",55,2012,9.82960725075529,0.055765595463138,0.0551226002661091,0.0308070308070308,0.107602118003026,55.0077843174483,0.575957727873184,0.65,0.2,0.025,0.125,0.0160923892464975,0.396819386595986,0.587088224157516,0.0448717948717949,0.0579059829059829,0.0811965811965812,0.107478632478632,0.122222222222222,0.17457264957265,0.179700854700855,0.232051282051282,0.53802389531576,0.46197610468424,0.532839787395596,0.0482156416097191,0.0493545937737282,0.0229688686408504,0.346621108580106,0.908677529367184,0.772589792060491,0.177673874926943,0.612953876349362,0.319573097060008,0.367297623842126,0.313129279097865,28.2542388240032,0.166288737717309,0.355820105820106,0.313869992441421,0.120748299319728,0.0432728647014361,0.225204200700117
"51",56,2012,10.481981981982,0.0707992952106359,0.0674609563677347,0.0414267434420985,0.118088846276766,58.6291390728477,0.591742388012115,0.815384615384615,0.0923076923076923,0.0153846153846154,0.0769230769230769,0.0137688120397054,0.35094460454691,0.635286583413385,0.0376233935555969,0.0532687651331719,0.0728254796051406,0.101694915254237,0.122182901843919,0.157012479046377,0.169491525423729,0.285900540137828,0.578651685393258,0.421348314606742,0.488610843760026,0.0336862367661213,0.0773179339108117,0.0155598331729227,0.384825152390119,0.877198592900544,0.748722044728435,0.153758727066082,0.501226893505644,0.372155287817938,0.377342704149933,0.250502008032129,27.2728296519411,0.175906694360121,0.349896149544656,0.297491612078607,0.116632049848219,0.0600734941683975,0.247655997413514
"52",66,2012,10.7910714285714,0.0385200202736949,0.0398009950248756,0.031542631838344,0.115327747658945,43.3104818678589,0.568193008370261,0.124,0.012,0.192,0.672,0.0197628458498024,0.491106719367589,0.489130434782609,0.113174695298897,0.0655832849680789,0.10388856645386,0.0986651189785258,0.14335461404527,0.153221125943122,0.145095763203714,0.177016831108532,0.531126482213439,0.468873517786561,0.59990133201776,0.116921558954119,0.0878145041933893,0.0409472126295017,0.154415392205229,0.78422619047619,0.730182176267848,0.232205956587582,0.390593047034765,0.400311526479751,0.332814122533749,0.266874350986501,27.241313603323,0.186666666666667,0.228148148148148,0.374320987654321,0.163950617283951,0.0469135802469136,0.156265601597604
"53",72,2012,15.6060606060606,0.0509977827050998,0.087390959555908,0.0237416904083571,0.141273360785556,51.9320496499045,0.629606199588803,0.363636363636364,0.0909090909090909,0,0.545454545454545,0.148700063411541,0.322130627774255,0.529169308814204,0.302113078241005,0.158195316961736,0.143156291642871,0.136303064915287,0.101465829050067,0.0767180658671235,0.0456881781838949,0.0363601751380164,0.442750516118787,0.557249483881213,0.370282270853156,0.0650174437044085,0.207897240723121,0.0516967967015541,0.305106248017761,0.938775510204082,0.565664556962025,0.0983763132760267,0.282261962300628,0.337681638044914,0.385568031704095,0.276750330250991,27.659393989432,0.150728309056365,0.127137428752375,0.335497150094997,0.340880303989867,0.0457568081063965,0.204899777282851
