"","state","year","menthlth","heartattack","ACheartdis","stroke","asthma","age","sex","white","black","asian","race_other","educ1","educ2","educ3","income1","income2","income3","income4","income5","income6","income7","income8","married","unmarried","employed","out_of_work","homemaker","student","employ_other","hlthplan","exercise","smoke","drink","bmi_cat1","bmi_cat2","bmi_cat3","bmi_cts","genhlth_ex","genhlth_vg","genhlth_go","genhlth_fa","genhlth_po","qlactlm","full"
"1",1,2003,11.0717185385656,0.0517158047365877,0.0678294573643411,0.0377358490566038,0.1164095371669,49.7716312056738,0.642356241234222,0.6,0.3,0,0.1,0.0341600374356575,0.379971923256902,0.58586803930744,0.0688748685594111,0.0767613038906414,0.10515247108307,0.121976866456362,0.135120925341746,0.181388012618297,0.154048370136698,0.156677181913775,0.534927332395687,0.465072667604313,0.530679156908665,0.0515222482435597,0.0950819672131148,0.0332552693208431,0.289461358313817,0.882794186591655,0.707202993451824,0.238652316331306,0.439643024894317,0.390077821011673,0.335603112840467,0.27431906614786,2729.41926070039,0.175891181988743,0.322232645403377,0.278142589118199,0.149624765478424,0.074108818011257,0.235572374645222,"alabama"
"2",2,2003,8.52009184845006,0.025355359200922,0.0281093569503273,0.0149827122550903,0.126787057938299,44.828538985617,0.53921200750469,0.541666666666667,0.0833333333333333,0.0166666666666667,0.358333333333333,0.0180518992102294,0.376457314779993,0.605490786009778,0.037603305785124,0.0533057851239669,0.0690082644628099,0.0822314049586777,0.145867768595041,0.198347107438017,0.19504132231405,0.218595041322314,0.540489642184557,0.459510357815443,0.689006024096386,0.0775602409638554,0.0700301204819277,0.0218373493975904,0.141566265060241,0.836866010598032,0.79706877113867,0.272111403838916,0.593194706994329,0.378105590062112,0.370729813664596,0.251164596273292,2733.67624223602,0.231231231231231,0.337837837837838,0.30518018018018,0.0882132132132132,0.0375375375375375,0.194706994328922,"alaska"
"3",4,2003,10.2240075614367,NA,NA,NA,0.13531669865643,51.352694417554,0.620524296675192,0.714285714285714,0,0.0714285714285714,0.214285714285714,0.0301572024382419,0.336541546358678,0.63330125120308,0.0501271340355975,0.0642934980021794,0.0824555030875409,0.119142753359971,0.144569560479477,0.187068652379223,0.173265528514348,0.179077370141664,0.574590952839269,0.425409047160731,0.518743992310157,0.0458186478692727,0.0970842678628645,0.0240307593719962,0.31432233258571,0.860584645036942,0.778667520819987,0.190766271240782,0.564547206165703,0.433524065971054,0.356109054190508,0.210366879838438,2645.49949511949,0.233686917389907,0.316297010607522,0.279331404693025,0.116682738669238,0.0540019286403086,0.234289397357396,"arizona"
"4",5,2003,10.2935377875137,0.0542398777692895,0.0656934306569343,0.0274809160305344,0.115789473684211,49.5680408609996,0.626946758420862,0.75,0.078125,0.015625,0.15625,0.0195936139332366,0.41255442670537,0.567851959361393,0.0610655737704918,0.055327868852459,0.0905737704918033,0.0918032786885246,0.15,0.201229508196721,0.168032786885246,0.181967213114754,0.605587808417997,0.394412191582003,0.583787713558706,0.0388949472918939,0.0952380952380952,0.0261723009814613,0.255906942929844,0.849763550381957,0.723712835387962,0.22431941923775,0.453125,0.405058512646282,0.346923367308418,0.2480181200453,2702.06002265006,0.191736136281261,0.320043494019572,0.304820587169264,0.125045306270388,0.0583544762595143,0.229918938835667,"arkansas"
"5",6,2003,9.49088541666667,NA,NA,NA,0.135043182412981,47.4561449579832,0.582046584663701,0.5,0.205128205128205,0.141025641025641,0.153846153846154,0.0501971090670171,0.270170827858081,0.679632063074901,0.0775370581527936,0.0652793614595211,0.0638540478905359,0.0661345496009122,0.109179019384265,0.150228050171038,0.169327251995439,0.298460661345496,0.499606608969316,0.500393391030684,0.586007364544976,0.0673329826407154,0.0878485007890584,0.0412940557601262,0.217517096265124,0.872870249017038,0.792540157909066,0.15719151165837,0.622963741460851,0.42682595710019,0.353244637523758,0.219929405376052,2667.43687211512,0.245223763412719,0.345721015440984,0.269824653232138,0.101282386809736,0.0379481811044229,0.206224627875507,"california"
"6",8,2003,8.79289428076257,0.0273069679849341,0.0260514752040176,0.0169491525423729,0.125038497074222,47.1177199504337,0.585718682671591,0.476923076923077,0.0923076923076923,0.0769230769230769,0.353846153846154,0.0206407886629698,0.269870609981516,0.709488601355515,0.0355920602327173,0.0448323066392882,0.0550992470910335,0.0776865160848734,0.121149897330595,0.171457905544148,0.193702943189596,0.300479123887748,0.5629057187017,0.4370942812983,0.640764724020968,0.0487203206907185,0.0826395312981807,0.030527289546716,0.197348134443417,0.888066604995375,0.837696335078534,0.174475955610358,0.670573719925972,0.499520919833919,0.342063238581923,0.158415841584158,2574.78792717981,0.277829170521122,0.364168979340117,0.243293246993525,0.0872648781991983,0.0274437249460376,0.194902082685732,"colorado"
"7",9,2003,9.74436936936937,0.0303395619851316,0.0394604388967183,0.0168539325842697,0.125450066325564,49.2062114197531,0.593489780469341,0.576923076923077,0.230769230769231,0,0.192307692307692,0.0206870373884988,0.301575251470867,0.677737711140634,0.0315673289183223,0.033112582781457,0.0551876379690949,0.0662251655629139,0.0977924944812362,0.154525386313466,0.189403973509934,0.372185430463576,0.558426752802584,0.441573247197416,0.627298578199052,0.0593364928909953,0.0775355450236967,0.0218009478672986,0.214028436018957,0.915006640106242,0.794089789732904,0.181507499525347,0.685061845861085,0.456066102378073,0.354091092301491,0.189842805320435,2624.91616283757,0.274966837218116,0.346219442865264,0.252605647148001,0.0985408375971196,0.027667235171499,0.184835037622998,"connecticut"
"8",10,2003,10.0988764044944,NA,NA,NA,0.119402985074627,48.6672508763145,0.606858846918489,0.536585365853659,0.146341463414634,0.0487804878048781,0.268292682926829,0.0184217077420961,0.411999004232014,0.56957928802589,0.0730769230769231,0.0608974358974359,0.0554487179487179,0.0496794871794872,0.130128205128205,0.187820512820513,0.200320512820513,0.242628205128205,0.528193612774451,0.471806387225549,0.634486190594675,0.0313510823587957,0.0604628016919632,0.025379447623787,0.248320477730779,0.916127426580388,0.729534710126897,0.21373475989052,0.573880597014925,0.3801261829653,0.364353312302839,0.255520504731861,2715.82018927445,0.214676616915423,0.349004975124378,0.285074626865672,0.113432835820896,0.0378109452736318,0.184861353984512,"delaware"
"9",11,2003,8.62552594670407,0.0249221183800623,0.034446764091858,0.0270551508844953,0.120215897939156,46.4186279419129,0.586190009794319,0.210526315789474,0.526315789473684,0,0.263157894736842,0.0171821305841924,0.217967599410898,0.764850270004909,0.0481137233460908,0.0410060142154183,0.0579551667577911,0.074904319300164,0.116457080371788,0.143247676325861,0.156916347731001,0.361399671951886,0.285219970341078,0.714780029658922,0.676167076167076,0.0481572481572482,0.02997542997543,0.0525798525798526,0.193120393120393,0.927799607072692,0.810691515448749,0.189003436426117,0.679960610536681,0.51922091235264,0.305996924654024,0.174782162993337,2583.06355715018,0.301868239921337,0.352507374631268,0.229596853490659,0.0850540806293019,0.0309734513274336,0.163663663663664,"district of columbia"
"10",12,2003,11.8841666666667,NA,NA,NA,0.111397748592871,52.5723762141673,0.604732895970009,0.722222222222222,0,0.0555555555555556,0.222222222222222,0.0334117647058824,0.406117647058824,0.560470588235294,0.0582097748489841,0.0705656232839099,0.0925315760571115,0.120263591433278,0.167490389895662,0.181493684788578,0.148544755628775,0.160900604063701,0.544577746412609,0.455422253587391,0.501648610456901,0.0442769665567593,0.0682995760715968,0.0207253886010363,0.365049458313707,0.832667450058754,0.712174524982407,0.227604044204091,0.535907699552625,0.409953190440995,0.366839122936684,0.223207686622321,2687.60113328406,0.196415939636878,0.297807120962037,0.3065314784249,0.133694883282245,0.0655505776939401,0.232674446296737,"florida"
"11",13,2003,10.1867321867322,0.045949989313956,0.0545767082079931,0.0279258153911746,0.117310443490701,47.2470201397452,0.639624949041989,0.618181818181818,0.2,0.0545454545454545,0.127272727272727,0.0395756833945328,0.379436964504284,0.580987352101183,0.071079002563505,0.0659519925425309,0.0815660685154976,0.0960149149382428,0.15031461197856,0.162432999300862,0.168725238872058,0.203915171288744,0.519443307408923,0.480556692591077,0.607755102040816,0.0455102040816327,0.0771428571428571,0.0330612244897959,0.236530612244898,0.860878447395301,0.742244897959184,0.217639853001225,0.476131940176193,0.386917486105173,0.348011970927747,0.26507054296708,2730.82535271484,0.207207207207207,0.317567567567568,0.295454545454545,0.115274365274365,0.0644963144963145,0.208711808422791,"georgia"
"12",15,2003,10.052972972973,0.0220009263547939,0.0257421150278293,0.0178364605049803,0.114727608494922,48.9155844155844,0.594146116616732,0.457264957264957,0.00854700854700855,0.217948717948718,0.316239316239316,0.020823692734845,0.322304488662656,0.656871818602499,0.077375698734922,0.0709032068255369,0.0694321859370403,0.0803177405119153,0.124448367166814,0.19564577817005,0.177699323330391,0.20417769932333,0.520563770794824,0.479436229205176,0.634957284691757,0.0309397367813438,0.063264834911106,0.0247056107134611,0.246132532902332,0.916724336793541,0.815728782287823,0.168783190948973,0.495466170657987,0.519105984138428,0.320355683729873,0.160538332131699,2555.65801490026,0.224145891043398,0.323638042474608,0.325484764542936,0.10180055401662,0.0249307479224377,0.136258660508083,"hawaii"
"13",16,2003,9.29815950920245,NA,NA,NA,0.120949338201734,48.334783604305,0.611300979722032,0.768292682926829,0.0121951219512195,0,0.219512195121951,0.0161952554744526,0.377052919708029,0.606751824817518,0.0628978864272982,0.0707919531448943,0.0883626177743825,0.110516934046346,0.155334861217214,0.206518971224854,0.163738222561752,0.141838553603259,0.616297648938599,0.383702351061401,0.589901759195796,0.0386109207219557,0.101439342015079,0.0354123829106694,0.2346355951565,0.8493369913123,0.803057964399817,0.193695751484696,0.479414455626715,0.413586173787806,0.363418146903505,0.222995679308689,2668.76740278445,0.221740123315826,0.347796300525234,0.279059145923727,0.104818451701302,0.0465859785339119,0.236787445188091,"idaho"
"14",17,2003,8.78179082016554,NA,NA,NA,0.119570644033949,47.1121098626717,0.611873285108506,0.366666666666667,0.2,0.1,0.333333333333333,0.0414896275931017,0.301174706323419,0.657335666083479,0.0441475457449898,0.0435666569851873,0.0662213186174847,0.0888759802497822,0.134766192274179,0.159453964565786,0.186465291896602,0.276503049665989,0.529029029029029,0.470970970970971,0.640089977505624,0.0472381904523869,0.0807298175456136,0.0294926268432892,0.202449387653087,0.885528617845539,0.759730538922156,0.215446138465384,0.610665998998498,0.421390374331551,0.354812834224599,0.22379679144385,2671.48582887701,0.221084186859855,0.330502123407444,0.306020484636523,0.106420184861354,0.0359730202348239,0.161437246963563,"illinois"
"15",18,2003,10.0594555873926,NA,NA,NA,0.126544868350349,48.0456017269293,0.617757510729614,0.56,0.26,0,0.18,0.0212308519215265,0.414135984950282,0.564633163128191,0.0523415977961433,0.0599938781756964,0.0847872666054484,0.096112641567187,0.14692378328742,0.163758800122436,0.19589837771656,0.200183654729109,0.539081385979049,0.460918614020951,0.597846567967699,0.0508748317631225,0.0909825033647376,0.0328398384925976,0.227456258411844,0.887752355316285,0.742749731471536,0.244492208490059,0.53240118311374,0.391839016210173,0.34823923979877,0.259921743991056,2719.83035215204,0.185852608929532,0.344540075309306,0.297740720817644,0.125605164066703,0.0462614308768155,0.201965065502183,"indiana"
"16",19,2003,9.37365269461078,NA,NA,NA,0.0997732426303855,49.8545868575146,0.586273875040466,0.529411764705882,0.117647058823529,0,0.352941176470588,0.0207455429497569,0.372123176661264,0.607131280388979,0.0443636363636364,0.0512727272727273,0.0734545454545455,0.0938181818181818,0.162909090909091,0.189090909090909,0.185818181818182,0.199272727272727,0.57314304249108,0.42685695750892,0.634272756721736,0.0343375445416262,0.0573372206025267,0.0314220926465824,0.242630385487528,0.914527136821579,0.764325024279702,0.200583279325988,0.595392602206359,0.38112952316537,0.373013189042949,0.245857287791681,2711.12140683125,0.219084712755599,0.347938980850373,0.307367737747485,0.0957481337228173,0.0298604349237261,0.182682846835028,"iowa"
"17",20,2003,9.53360910031024,NA,NA,NA,0.112832505115463,48.1250735726898,0.613317757009346,0.58974358974359,0.205128205128205,0,0.205128205128205,0.0117096018735363,0.305913348946136,0.682377049180328,0.0342025059261768,0.035218421943786,0.0731459532678632,0.112428039282086,0.182187605824585,0.189637656620386,0.167287504232983,0.205892312902133,0.54856641310708,0.45143358689292,0.634317451037708,0.0315697164571763,0.0777550423852675,0.0242619117217188,0.232095878398129,0.883489461358314,0.743282710280374,0.199064600993861,0.456572769953052,0.40159901599016,0.364391143911439,0.234009840098401,2690.63806888069,0.219783435762365,0.384547848990342,0.271290605794557,0.0907228563067018,0.0336552531460345,0.167844522968198,"kansas"
"18",21,2003,17.0107849011384,0.0639956490210297,0.0710392441860465,0.0371780921291259,0.136882129277567,50.8737426292057,0.664249956844467,0.52,0.26,0.04,0.18,0.0948335644937587,0.485436893203884,0.419729542302358,0.111585944919278,0.0914055080721747,0.11039886039886,0.112060778727445,0.151471984805318,0.164292497625831,0.142212725546059,0.116571699905033,0.546668979875087,0.453331020124913,0.443962526023595,0.0334836918806384,0.130811936155448,0.0227272727272727,0.369014573213046,0.843852671623725,0.654809186668969,0.287988923502942,0.264065493816408,0.37039764359352,0.368188512518409,0.261413843888071,2731.7058173785,0.142139889196676,0.274238227146814,0.294148199445983,0.164993074792244,0.124480609418283,0.294128082313287,"kentucky"
"19",22,2003,12.4640718562874,0.0483367983367983,0.0566283924843424,0.02892131318395,0.101733232856066,47.8212755230653,0.63832455480311,0.583333333333333,0.333333333333333,0.0208333333333333,0.0625,0.0404624277456647,0.42271927620005,0.536818296054285,0.0836687751581369,0.066992524439333,0.101207590569293,0.117308798159862,0.150373778033353,0.162449683726279,0.158999424956872,0.158999424956872,0.501758793969849,0.498241206030151,0.568124685771745,0.0510306686777275,0.0784313725490196,0.0429864253393665,0.259426847662142,0.800653594771242,0.700050200803213,0.24867858041782,0.470111448834853,0.388757551878119,0.355135277121093,0.256107171000788,2720.09219858156,0.205645161290323,0.315524193548387,0.299395161290323,0.119203629032258,0.0602318548387097,0.180390169749177,"louisiana"
"20",23,2003,10.657071339174,0.0459927140255009,0.0507080858839653,0.017327861377109,0.131498470948012,49.5462147887324,0.608449477351916,1,0,0,0,0.030977312390925,0.395724258289703,0.573298429319372,0.0740559097596861,0.0730750367827366,0.0887690044139284,0.097106424717999,0.149092692496322,0.177538008827857,0.17067189798921,0.169691025012261,0.530594405594406,0.469405594405594,0.623745089480576,0.0423395896988215,0.0715844609340899,0.0218245307725884,0.240506329113924,0.891655744866754,0.777680906713165,0.234831951113051,0.599562363238512,0.420423183072677,0.375804967801288,0.203771849126035,2663.9402023919,0.224890829694323,0.351091703056769,0.267685589519651,0.114847161572052,0.0414847161572052,0.23321554770318,"maine"
"21",24,2003,9.48891873740766,0.0382691345672836,0.0450314465408805,0.0212712712712713,0.11839924224485,48.1927421292958,0.596449704142012,0.470588235294118,0.264705882352941,0.0588235294117647,0.205882352941176,0.0172985781990521,0.318483412322275,0.664218009478673,0.0342520738560343,0.0361252341450361,0.0505753278030506,0.0698421193470698,0.10998126839711,0.153331549371153,0.195879047364196,0.35001337971635,0.56437054631829,0.43562945368171,0.651565464895636,0.0426944971537002,0.0744781783681214,0.0253795066413662,0.205882352941176,0.906287069988138,0.792327729102534,0.196394686907021,0.61021377672209,0.416355953268705,0.373104648272434,0.210539398458862,2668.6278896346,0.243659634984594,0.352453187959232,0.281346290590187,0.0869874377814648,0.0355534486845224,0.18308841243074,"maryland"
"22",25,2003,10.1435045317221,NA,NA,NA,0.142762018910641,47.5941479273909,0.60093085106383,0.588235294117647,0.235294117647059,0.0196078431372549,0.156862745098039,0.0366715562074943,0.310174689958661,0.653153753833845,0.0552469135802469,0.0469135802469136,0.0665123456790123,0.0861111111111111,0.116820987654321,0.158641975308642,0.178395061728395,0.291358024691358,0.475591814899024,0.524408185100976,0.626534970635344,0.0658035237586759,0.059396689802456,0.0336358782701548,0.214628937533369,0.914842498665243,0.762842693638541,0.202666666666667,0.66190793862575,0.459505300353357,0.353780918727915,0.186713780918728,2621.88466431095,0.250899400399734,0.332711525649567,0.276615589606929,0.101132578281146,0.0386409060626249,0.197252074547681,"massachusetts"
"23",26,2003,9.89479392624729,NA,NA,NA,0.138409760201935,49.9721401435205,0.614285714285714,0.641025641025641,0.230769230769231,0.0256410256410256,0.102564102564103,0.0307627475769069,0.345554150863885,0.623683101559208,0.0480038022813688,0.0494296577946768,0.0693916349809886,0.0936311787072243,0.133555133079848,0.16967680608365,0.182509505703422,0.253802281368821,0.546907867059318,0.453092132940682,0.5496632996633,0.0517676767676768,0.0955387205387205,0.031986531986532,0.271043771043771,0.921783010933558,0.770815811606392,0.21437578814628,0.599241466498104,0.389661164205039,0.355343179843614,0.254995655951347,2728.55951346655,0.184686579722339,0.355490113588557,0.301220025241902,0.114850652082457,0.0437526293647455,0.232754972492594,"michigan"
"24",27,2003,7.45592705167173,0.0354470263883419,0.0407114624505929,0.016179952644041,0.106474258970359,48.2646944336318,0.576488906189179,0.588235294117647,0.176470588235294,0.176470588235294,0.0588235294117647,0.0112972341254383,0.258667705492793,0.730035060381769,0.0244118952507767,0.0292942743009321,0.0434975588104749,0.0763426542387927,0.114957833999112,0.1739902352419,0.220150909897914,0.317354638260098,0.589863547758285,0.410136452241715,0.662120031176929,0.0327357755261107,0.0541699142634451,0.0276695245518316,0.223304754481684,0.945397815912636,0.85385814497272,0.189379148770012,0.681658193195151,0.398230088495575,0.365245374094932,0.236524537409493,2689.01528559936,0.227166276346604,0.415300546448087,0.247462919594067,0.085480093676815,0.0245901639344262,0.230015673981191,"minnesota"
"25",28,2003,11.4655355249205,0.0526508226691042,0.0577205882352941,0.0387994143484627,0.103988603988604,48.9982072427393,0.63891853432942,0.666666666666667,0.148148148148148,0,0.185185185185185,0.0520313613684961,0.383464005702067,0.564504632929437,0.088042588042588,0.0720720720720721,0.108108108108108,0.0954135954135954,0.148239148239148,0.185503685503686,0.153153153153153,0.149467649467649,0.51692198076238,0.48307801923762,0.564814814814815,0.0480769230769231,0.0676638176638177,0.0306267806267806,0.288817663817664,0.845714285714286,0.693732193732194,0.232715609408411,0.43005366726297,0.373178931639895,0.357863279790811,0.268957788569294,2750.8423608517,0.179835538076511,0.292456203074723,0.296746514122274,0.144440471934215,0.0865212727922774,0.2524202223019,"mississippi"
"26",29,2003,10.5097744360902,NA,NA,NA,0.113699906803355,48.8611632270169,0.585002328830927,0.675675675675676,0.135135135135135,0,0.189189189189189,0.0233317778814746,0.385907606159589,0.590760615958936,0.0651720542231491,0.0573514077163712,0.0907194994786236,0.0990615224191867,0.173096976016684,0.168404588112617,0.173618352450469,0.172575599582899,0.513071895424837,0.486928104575163,0.595060577819199,0.0391425908667288,0.0629077353215284,0.0354147250698975,0.267474370922647,0.895375992526857,0.782487191429902,0.249417249417249,0.546809501630182,0.421483622350674,0.34344894026975,0.235067437379576,2700.40510597303,0.182539682539683,0.336134453781513,0.320261437908497,0.118580765639589,0.042483660130719,0.204321277595115,"missouri"
"27",30,2003,9.47403210576015,0.0417064629099013,0.0425191815856778,0.0219465648854962,0.11015911872705,49.9043076923077,0.573830632833996,0.666666666666667,0,0.0222222222222222,0.311111111111111,0.0226507499234772,0.398836853382308,0.578512396694215,0.0748462064251538,0.0758714969241285,0.115516062884484,0.115174299384826,0.167464114832536,0.177717019822283,0.154135338345865,0.119275461380725,0.575321494182486,0.424678505817514,0.610719754977029,0.0373660030627871,0.0784073506891271,0.0315467075038285,0.241960183767228,0.805513016845329,0.778696051423324,0.226883037354562,0.601531393568147,0.400701306981192,0.383487408351929,0.215811284666879,2680.15811284667,0.209380748007357,0.339055793991416,0.301348865726548,0.105456774984672,0.0447578172900061,0.22387136672851,"montana"
"28",31,2003,8.93284268629255,0.0418564920273349,0.0511574735638754,0.0264806378132118,0.110185956147655,48.9192650334076,0.601551676364644,0.56,0.2,0,0.24,0.0277546489036914,0.354426866500139,0.61781848459617,0.0434372049102927,0.0431224425558703,0.0812086874409821,0.100094428706327,0.157066414856783,0.197670758577274,0.189801699716714,0.187598363235757,0.585230427540255,0.414769572459745,0.655105438401776,0.029134295227525,0.0588235294117647,0.0288568257491676,0.228079911209767,0.912197832731314,0.793065187239945,0.208830880311025,0.590643274853801,0.396286626051639,0.360893530606324,0.242819843342037,2704.56774006382,0.2220367278798,0.370617696160267,0.273511407902059,0.0984974958263773,0.0353366722314969,0.17589485458613,"nebraska"
"29",32,2003,9.29122807017544,NA,NA,NA,0.114654245790039,48.2598566308244,0.51484794275492,0.658536585365854,0.0829268292682927,0.0390243902439024,0.219512195121951,0.0347919655667145,0.350430416068867,0.614777618364419,0.0433715220949263,0.0478723404255319,0.0695581014729951,0.0875613747954174,0.13911620294599,0.182487725040917,0.186170212765957,0.243862520458265,0.518332135154565,0.481667864845435,0.620603015075377,0.0434314429289304,0.0653266331658292,0.0319454414931802,0.238693467336683,0.826618705035971,0.783948405589394,0.242097701149425,0.634067123782028,0.41964965727342,0.378141660319878,0.202208682406702,2644.61614623001,0.218201361519169,0.33393049086349,0.293084915800788,0.120745252597635,0.0340379792189179,0.215473608098337,"nevada"
"30",33,2003,10.0276381909548,NA,NA,NA,0.127098321342926,49.285945727015,0.591417165668663,0.911764705882353,0,0,0.0882352941176471,0.0166,0.3328,0.6506,0.0358033084069794,0.0469068660774983,0.0561975980058917,0.0745524586449128,0.121459324722411,0.19306594153637,0.205302515295717,0.26671198731022,0.577300982554642,0.422699017445358,0.6592,0.0438,0.0692,0.0204,0.2074,0.89122175564887,0.797723642172524,0.204240848169634,0.662665066026411,0.427184466019417,0.365344027015618,0.207471506964964,2653.88919375264,0.269815852682146,0.365492393915132,0.244795836669335,0.0846677341873499,0.0352281825460368,0.205709657825471,"new hampshire"
"31",34,2003,10.2901385493073,NA,NA,NA,0.110068183830692,50.0947709477095,0.601415302963291,0.5,0.316666666666667,0,0.183333333333333,0.028236547682472,0.324986680873735,0.646776771443793,0.0322680732237046,0.0412659013341607,0.0684662322887579,0.0801530665011894,0.10394042817251,0.151308304891923,0.171165580721895,0.35143241286586,0.543126444958207,0.456873555041793,0.60599875765374,0.0616736178897861,0.0735646463750111,0.0204099742656846,0.238353003815778,0.900940049663001,0.739222802513942,0.18874789244831,0.631340499244914,0.429575484959235,0.363133726923437,0.207290788117327,2653.75663011901,0.233126110124334,0.342362344582593,0.277797513321492,0.107460035523979,0.0392539964476021,0.176502387602487,"new jersey"
"32",35,2003,10.7412158393753,NA,NA,NA,0.109721963052808,49.9099756690998,0.592765243333955,0.702380952380952,0.0238095238095238,0.0119047619047619,0.261904761904762,0.0595617156770931,0.342011612661547,0.59842667166136,0.06672192291753,0.0803978450062163,0.098839618731869,0.120596767509324,0.152921674264401,0.172399502693742,0.157894736842105,0.150227932034811,0.546356995692077,0.453643004307923,0.584644194756554,0.0443820224719101,0.0911985018726592,0.0325842696629213,0.247191011235955,0.811694376984868,0.762775083923909,0.213231171743599,0.554849560829751,0.432579890880748,0.36477007014809,0.202650038971161,2646.96999220577,0.206909430438842,0.292250233426704,0.312605042016807,0.129785247432306,0.0584500466853408,0.210687022900763,"new mexico"
"33",36,2003,9.32947624847747,0.0374707259953162,0.0454865181711606,0.0213064856005619,0.118963225520603,48.6186421689447,0.614551083591331,0.481481481481481,0.259259259259259,0.0740740740740741,0.185185185185185,0.0361820199778024,0.328079911209767,0.635738068812431,0.0594236164243815,0.0596786534047437,0.0701351695995919,0.0913032389696506,0.122927824534558,0.150216781433308,0.174955368528437,0.27135934710533,0.473660813514114,0.526339186485886,0.600755387691624,0.0619862252832704,0.0724283492557209,0.029104643412575,0.23572539435681,0.882548845470693,0.748947485043209,0.202840656901909,0.626500666963095,0.447436197611801,0.345586513697026,0.206977288691173,2643.84336221026,0.211180124223602,0.331854480922804,0.294365572315883,0.12111801242236,0.0414818101153505,0.202623247399367,"new york"
"34",37,2003,12.1844611528822,0.0514081908744312,0.0562005928853755,0.0332635210052975,0.113583850176335,50.098020043999,0.633944842667963,0.488372093023256,0.267441860465116,0.0116279069767442,0.232558139534884,0.0571463384915316,0.405020104788595,0.537833556719873,0.0704887218045113,0.0780075187969925,0.114661654135338,0.121553884711779,0.142387218045113,0.170895989974937,0.138627819548872,0.163377192982456,0.523942975508712,0.476057024491288,0.554852833860375,0.0429335927998054,0.0648260763804427,0.0294332279250791,0.307954269034298,0.857247081712062,0.728609625668449,0.22738923471256,0.3834228515625,0.391136305076011,0.350038649832517,0.258825045091471,2730.73988662716,0.190888049701547,0.30101108539408,0.292849311731027,0.144353758070411,0.0708977951029358,0.208328245206985,"north carolina"
"35",38,2003,8.87708649468892,0.0430693069306931,0.0472166998011928,0.0183440753594447,0.104256336681014,48.4255421686747,0.582139446036294,0.533333333333333,0,0,0.466666666666667,0.0368068833652008,0.3217017208413,0.641491395793499,0.0528563801388147,0.0512546716497597,0.0816871329418046,0.117458622530699,0.162306460224239,0.201281366791244,0.191137213027229,0.142018152696209,0.5688995215311,0.4311004784689,0.661560555289612,0.0253709909047391,0.0636668262326472,0.0421254188606989,0.207276208712303,0.899232245681382,0.775227164036346,0.214183037853378,0.644465740297077,0.37044433349975,0.390913629555666,0.238642036944583,2701.75386919621,0.210450623202301,0.375838926174497,0.280441035474593,0.0973154362416107,0.035953978906999,0.176555716353111,"north dakota"
"36",39,2003,10.1128491620112,0.0483592400690846,0.0532237126784942,0.0241587575496117,0.114667747163695,47.9378577269011,0.607287449392713,0.620689655172414,0.206896551724138,0,0.172413793103448,0.0158086745034455,0.371301175516822,0.612890149979732,0.0601745521359669,0.0569591180523656,0.0757923748277446,0.0904915020670648,0.142397795130914,0.169958658704639,0.175470831419384,0.22875516766192,0.50142218610321,0.49857781389679,0.596348884381339,0.0527383367139959,0.0823529411764706,0.0417849898580122,0.226774847870183,0.908573750507924,0.74908796108634,0.251119251119251,0.592697768762677,0.391452991452991,0.352564102564103,0.255982905982906,2723.55555555556,0.205451586655818,0.342148087876322,0.301057770545159,0.109845402766477,0.0414971521562246,0.201642710472279,"ohio"
"37",40,2003,11.7865824015557,NA,NA,NA,0.112041884816754,50.5273273273273,0.611924686192469,0.662068965517241,0.0551724137931034,0.00689655172413793,0.275862068965517,0.0366656689613888,0.412301706076025,0.551032624962586,0.0638664141848855,0.0633499741779997,0.100877948011706,0.12583921501119,0.17954897572732,0.190049922533999,0.144603201928043,0.131864348424858,0.560694506810358,0.439305493189642,0.564378645132346,0.0394795872588605,0.0840436668162106,0.025272917601316,0.286825183191267,0.845819598441714,0.691031390134529,0.229238366003292,0.410802700675169,0.400312989045383,0.356651017214398,0.243035993740219,2702.12378716745,0.194931773879142,0.298995351626931,0.310241415504573,0.128654970760234,0.0671764882291198,0.235452909418116,"oklahoma"
"38",41,2003,9.78586278586279,NA,NA,NA,0.15322804100859,49.4958263772955,0.598616874135546,0.763888888888889,0.0277777777777778,0.0138888888888889,0.194444444444444,0.0240930490168928,0.326779285516477,0.64912766546663,0.066358024691358,0.0709876543209877,0.0824074074074074,0.0978395061728395,0.141358024691358,0.182716049382716,0.171604938271605,0.186728395061728,0.525979438732981,0.474020561267019,0.558481152993348,0.0601441241685144,0.078159645232816,0.0379711751662971,0.265243902439024,0.850526899611758,0.819440598172251,0.199389058594835,0.615065078925505,0.425538103548575,0.35543920884235,0.219022687609075,2673.61169284468,0.223330562482682,0.333333333333333,0.27874757550568,0.117206982543641,0.0473815461346633,0.255533762958812,"oregon"
"39",42,2003,9.56699889258029,NA,NA,NA,0.121748963437618,49.7464842265298,0.605045180722892,0.483870967741935,0.32258064516129,0,0.193548387096774,0.012448132780083,0.411920030177292,0.575631837042625,0.04553264604811,0.0468213058419244,0.086340206185567,0.102233676975945,0.142182130584192,0.177835051546392,0.179982817869416,0.219072164948454,0.526435045317221,0.473564954682779,0.579086447716119,0.0509626274065685,0.0898452246130615,0.0373725934314836,0.242733106832767,0.915471698113207,0.775725593667546,0.230071779372875,0.614453272796065,0.416830515139599,0.352339756193472,0.230829728666929,2681.61895399135,0.214555052790347,0.36236802413273,0.280165912518854,0.108220211161388,0.0346907993966818,0.191660290742158,"pennsylvania"
"40",44,2003,10.6678674351585,NA,NA,NA,0.145739910313901,49.1278309008556,0.609937888198758,0.625,0.166666666666667,0,0.208333333333333,0.0398604882909816,0.354260089686099,0.60587942202292,0.0582998276852384,0.0588742102240092,0.069213095921884,0.0910396323951752,0.132969557725445,0.176909821941413,0.180068925904653,0.232624928202183,0.485536159600997,0.514463840399003,0.610903659447349,0.0585013691809808,0.0632312671147623,0.0231516056758775,0.244212098581031,0.907370517928287,0.753107906514172,0.214356929212363,0.650137054572639,0.433184562877396,0.371226043580992,0.195589393541612,2646.86820687845,0.22640099626401,0.337733499377335,0.278953922789539,0.11706102117061,0.0398505603985056,0.192288306451613,"rhode island"
"41",45,2003,10.719881305638,0.0450522928399035,0.0540540540540541,0.0279565567176187,0.108011310084826,49.063676107204,0.617325800376648,0.590361445783133,0.216867469879518,0.0120481927710843,0.180722891566265,0.0269811320754717,0.384905660377359,0.58811320754717,0.0677929854576561,0.0607356715141146,0.0874679213002566,0.0996578272027374,0.140076988879384,0.172369546621044,0.174935842600513,0.196963216424294,0.551717629294073,0.448282370705927,0.56600566572238,0.053257790368272,0.0936732766761095,0.0285174693106704,0.258545797922568,0.860460725075529,0.766459158649311,0.235127478753541,0.497073815367189,0.40638464551508,0.356247551899726,0.237367802585194,2699.18762240501,0.232018123466113,0.315084009816877,0.289786671700963,0.105153860675854,0.0579573343401926,0.199770158973377,"south carolina"
"42",46,2003,9.69801084990958,NA,NA,NA,0.103998096144693,50.9911483253589,0.583551224150226,0.458333333333333,0.0416666666666667,0,0.5,0.0438512869399428,0.391563393708294,0.564585319351764,0.0541884816753927,0.0638743455497382,0.0950261780104712,0.123821989528796,0.171204188481675,0.19869109947644,0.168062827225131,0.125130890052356,0.566841103710752,0.433158896289248,0.656108597285068,0.0221481305072636,0.0459633246010955,0.0185758513931889,0.257204096213384,0.896190476190476,0.761236623067777,0.226082817705854,0.581705574082897,0.382542037586548,0.3837784371909,0.233679525222552,2698.65652818991,0.201570680628272,0.365064255116611,0.286054259876249,0.109709662065683,0.0376011423131842,0.215208034433286,"south dakota"
"43",47,2003,9.31117021276596,0.0462249614791988,0.0426026336173509,0.0230769230769231,0.109104589917231,49.0294339622642,0.629323308270677,0,0.785714285714286,0,0.214285714285714,0.0316981132075472,0.344905660377358,0.623396226415094,0.04,0.0476190476190476,0.079047619047619,0.114285714285714,0.151428571428571,0.187619047619048,0.18,0.2,0.554552294958615,0.445447705041384,0.599849284099472,0.0452147701582517,0.0889223813112283,0.0233609645817634,0.242652599849284,0.91798344620015,0.712781954887218,0.219714070729872,0.365575019040366,0.444620253164557,0.324367088607595,0.231012658227848,2684.11708860759,0.209495101733233,0.345139412207988,0.281838733986436,0.111529766390354,0.0519969856819894,0.177407126611069,"tennessee"
"44",48,2003,9.6773276474769,NA,NA,NA,0.115618661257606,45.5640306122449,0.621553250695674,0.583333333333333,0.154761904761905,0.0119047619047619,0.25,0.0666497719209326,0.304612265585403,0.628737962493664,0.0645898828236639,0.0625893112317805,0.0848813946841955,0.109174049728494,0.129751357530723,0.152043440983138,0.1566161760503,0.240354386967705,0.54866581956798,0.45133418043202,0.587817258883249,0.0708121827411168,0.118527918781726,0.0375634517766497,0.185279187817259,0.777552056881666,0.742719675867308,0.191419141914191,0.565582104728012,0.401737242128122,0.361834961997828,0.23642779587405,2700.19543973941,0.213127217435378,0.299797263051191,0.301317790167258,0.137861125190066,0.0478966041561074,0.181583698736136,"texas"
"45",49,2003,8.84914675767918,NA,NA,NA,0.116279069767442,45.8156102671556,0.549178189407775,0.689655172413793,0,0,0.310344827586207,0.0190650300339514,0.343170540611126,0.637764429354923,0.0408454727220794,0.046558126249643,0.0688374750071408,0.0956869465866895,0.1348186232505,0.21936589545844,0.18966009711511,0.204227363610397,0.669453880324014,0.330546119675986,0.621501438660738,0.0381899032173686,0.119016479204813,0.0350510070625163,0.186241171854564,0.866195339094004,0.815734448510193,0.127125294271515,0.319299163179916,0.431372549019608,0.356209150326797,0.212418300653595,2647.7704248366,0.257785919916252,0.335514263281863,0.283957079298613,0.0892436534938498,0.0334990840094216,0.192641261498029,"utah"
"46",50,2003,9.06834030683403,NA,NA,NA,0.11943173609439,50.4415176413726,0.589663461538461,0.711111111111111,0.0222222222222222,0.0222222222222222,0.244444444444444,0.0255237177943655,0.353960992053937,0.620515290151698,0.0463791700569569,0.0604827773257391,0.0740439381611066,0.0981828044480608,0.142663411988066,0.204502305397342,0.183889340927583,0.189856251695145,0.553920386007238,0.446079613992762,0.65450591930418,0.0386566803575743,0.0589514375453008,0.021019569944431,0.226866392848514,0.90966032281378,0.802552371779437,0.184863822607857,0.654856591949867,0.444305694305694,0.361138861138861,0.194555444555445,2643.03346653347,0.258251023849675,0.360395085521561,0.262346422548783,0.087930619127921,0.0310768489520597,0.205496108949416,"vermont"
"47",51,2003,9.62569316081331,0.0487957460118861,0.0483516483516484,0.0284552845528455,0.127026230474506,47.8172905525847,0.598881695114773,0.531914893617021,0.26241134751773,0.0283687943262411,0.177304964539007,0.0342081981716308,0.339132999115305,0.626658802713064,0.0409121395036888,0.0419181757209926,0.0690811535881958,0.0821596244131455,0.126089872568746,0.174714956405097,0.196847753185781,0.268276324614353,0.529238038984052,0.470761961015948,0.647163120567376,0.0393026004728132,0.0780141843971631,0.0289598108747045,0.206560283687943,0.890366430260047,0.766558728289667,0.204954290769684,0.545910835547682,0.397239263803681,0.363496932515337,0.239263803680982,2698.39938650307,0.235849056603774,0.346403301886792,0.279481132075472,0.0943396226415094,0.0439268867924528,0.184320766008378,"virginia"
"48",53,2003,9.65397976136535,NA,NA,NA,0.142665161533086,49.4670748737781,0.607552837678361,0.710823909531502,0.0500807754442649,0.0452342487883683,0.193861066235864,0.0261785733483847,0.317153147341827,0.656668279309789,0.0545125264111078,0.0563839420464836,0.0691820102626019,0.112405674615152,0.146574102022336,0.1950498038032,0.180078478720193,0.185813462118925,0.55123237541707,0.44876762458293,0.563778256189451,0.0618945102260495,0.0839612486544672,0.0292787944025834,0.261087190527449,0.876061942144317,0.808070495943259,0.192297333692432,0.596337193643954,0.405423728813559,0.359152542372881,0.235423728813559,2698.60858757062,0.20562910343343,0.340759875147993,0.29711548810677,0.110698525454741,0.045797007857066,0.264939156888309,"washington"
"49",54,2003,13.3135135135135,0.0757877941763063,0.0964385754301721,0.0485089463220676,0.125541125541126,50.8495260663507,0.604166666666667,0.9,0.0714285714285714,0.0142857142857143,0.0142857142857143,0.0617381046008651,0.48957923712151,0.448682658277625,0.0824003582624272,0.0913569189431258,0.109717868338558,0.12628750559785,0.161218092252575,0.155844155844156,0.143752798925213,0.129422301836095,0.549567269866247,0.450432730133753,0.498623672827369,0.0456154148643335,0.126228863546992,0.0306724341329139,0.298859614628392,0.836879432624113,0.720518867924528,0.257874015748031,0.337939202526648,0.385586319218241,0.337540716612378,0.276872964169381,2744.39454397394,0.158786446020489,0.285263987391647,0.297872340425532,0.157998423955871,0.100078802206462,0.279620853080569,"west virginia"
"50",55,2003,9.10176991150442,NA,NA,NA,0.128616242593238,46.9337539432177,0.602367688022284,0.807692307692308,0.115384615384615,0.0384615384615385,0.0384615384615385,0.0219665271966527,0.388423988842399,0.589609483960948,0.0353398058252427,0.0380582524271845,0.0640776699029126,0.120776699029126,0.185242718446602,0.201553398058252,0.18368932038835,0.17126213592233,0.525471039776692,0.474528960223308,0.669926650366748,0.0485504715333566,0.0618232623122599,0.0293398533007335,0.190359762486902,0.909979064898814,0.792827298050139,0.222803347280335,0.693006993006993,0.390252707581227,0.37797833935018,0.231768953068592,2707.14223826715,0.212417160795256,0.364492500871992,0.297872340425532,0.0959190791768399,0.0292989187303802,0.190710767065447,"wisconsin"
"51",56,2003,9.36764705882353,NA,NA,NA,0.112952575216726,49.3310256410256,0.584819154355578,0.825396825396825,0.0317460317460317,0.0158730158730159,0.126984126984127,0.0173380928097909,0.378123406425293,0.604538500764916,0.0491297024143739,0.053621560920831,0.0780460415496912,0.100505334081976,0.153284671532847,0.207186973610331,0.195395845030882,0.162829870859068,0.597704081632653,0.402295918367347,0.643367346938776,0.0306122448979592,0.0839285714285714,0.0270408163265306,0.215051020408163,0.848159509202454,0.780780015294418,0.234618330354863,0.579713847726111,0.428083989501312,0.365354330708661,0.206561679790026,2651.61102362205,0.214048531289911,0.370114942528736,0.278416347381865,0.0991060025542784,0.0383141762452107,0.207682458386684,"wyoming"
"52",66,2003,9.46715328467153,NA,NA,NA,0.119254658385093,41.26875,0.558859975216852,0.125,0.0625,0.1875,0.625,0.043424317617866,0.441687344913151,0.514888337468983,0.079608938547486,0.0642458100558659,0.0824022346368715,0.128491620111732,0.175977653631285,0.182960893854749,0.149441340782123,0.136871508379888,0.568238213399504,0.431761786600496,0.664169787765293,0.0848938826466916,0.0961298377028714,0.0424469413233458,0.112359550561798,0.827329192546584,0.704347826086957,0.315527950310559,0.468244084682441,0.433673469387755,0.348214285714286,0.218112244897959,2669.72959183673,0.209677419354839,0.259305210918114,0.364764267990074,0.135235732009926,0.0310173697270471,0.128301886792453,NA
"53",72,2003,15.4832713754647,0.0433996383363472,0.0784242862305746,0.016257225433526,0.20597767374865,50.1496574107465,0.634857760172848,0.333333333333333,0.416666666666667,0,0.25,0.212765957446809,0.337540569780022,0.44969347277317,0.364406779661017,0.139628732849072,0.138418079096045,0.119854721549637,0.103712671509282,0.0653753026634383,0.0322841000807102,0.036319612590799,0.552631578947368,0.447368421052632,0.41678674351585,0.0407060518731988,0.269812680115274,0.0407060518731988,0.231988472622478,0.93371757925072,0.527017291066282,0.121397694524496,0.273977560622512,0.363083934675275,0.409418913786555,0.227497151538169,2706.57462969996,0.130810810810811,0.114594594594595,0.349189189189189,0.357117117117117,0.0482882882882883,0.204832311575911,"puerto rico"
"54",78,2003,9.37156704361874,NA,NA,NA,0.083864639529181,46.7688467299051,0.621078431372549,0.136363636363636,0.75,0.0227272727272727,0.0909090909090909,0.103585657370518,0.433764940239044,0.462649402390438,0.0754395916052184,0.0720363017583664,0.117413499716393,0.115711854792967,0.175269427112876,0.18321043675553,0.140102098695406,0.120816789563244,0.408374384236453,0.591625615763547,0.692459339576146,0.0768851651059635,0.0487925086249384,0.0216855593888615,0.160177427304091,0.719704433497537,0.715339233038348,0.0989173228346457,0.500496031746032,0.38,0.383076923076923,0.236923076923077,2708.27641025641,0.21076011846002,0.276406712734452,0.348963474827246,0.127344521224087,0.0365251727541955,0.112605879422023,NA
